"BEDEUTUNG","INFINITIV","Präsens","Präteritum","Perfekt","  "
"aclarar","abspülen","spült ab","spülte ab","hat abgespült",""
"atención","achten (auf)","achte","achtete","hat geachtet",""
"sospechar","ahnen","ahnt","ahnte","hat geahnt",""
"ofrecer","anbieten","bietet an","bot an","hat angeboten",""
"cambiar","ändern (sich)","ändert","änderte","hat geändert",""
"empezar","anfangen","fängt an","fing an","hat angefangen",""
"venir","ankommen","kommt an","kam an","ist angekommen",""
"llamar teléfono","anrufen","ruft an","rief an","hat angerufen",""
"tocar","antasten","tastet an","tastete an","hat angetastet",""
"responder","antworten","antwortet","antwortete","hat geantwortet",""
"aplicar","anwenden","wendet an","wandte an","hat angewandt",""
"vestir","anziehen (sich)","zieht an","zog an","hat angezogen",""
"trabajar","arbeiten","arbeitet","arbeitete","hat gearbeitet",""
"molestar","ärgern (sich)","ärgert","ärgerte","hat geärgert",""
"concertar","arrangieren","arrangiert","arrangierte","hat arrangiert",""
"respirar","atmen","atmet","atmete","hat geatmet",""
"limpiar, ordenar","aufräumen","räumt auf","räumte auf","hat aufgeräumt",""
"alterar","aufregen (sich)","regt auf","regte auf","hat aufgeregt",""
"despertar","aufwachen","wacht auf","wachte auf","ist aufgewacht",""
"rellenar","ausfüllen","füllt aus","füllte aus","hat ausgefüllt",""
"gastar, emitir","ausgeben","gibt aus","gab aus","hat ausgegeben",""
"airearse","auslüften","lüftet aus","lüftete aus","hat ausgelüftet",""
"equipar","ausrüsten","rüstet aus","rüstete aus","hat ausgerüstet",""
"parecer","aussehen","sieht aus","sah aus","hat ausgesehen",""
"bajar","aussteigen","steigt aus","stieg aus","ist ausgestiegen",""
"intercambiar","austauschen","tauscht aus","tauschte aus","hat ausgetauscht",""
"hornear","backen","bäckt","buk","hat gebacken",""
"bañar","baden (sich)","badet","badete","hat gebadet",""
"crear manual","basteln","bastelt","bastelte","hat gebastelt",""
"construir","bauen","baut","baute","hat gebaut",""
"darse prisa","beeilen (sich)","beeilt","beeilte","hat beeilt",""
"acabar","beenden","beendet","beendete","hat beendet",""
"mandar","befehlen (dat)","befielht","befahl","hat befohlen",""
"fijar, sujetar","befestigen","befestigt","befestigte","hat befestigt",""
"encontrar, enfrentar","begegnen","begegnet","begegnete","ist begegnet",""
"cometer, perpetrar","begehen","begeht","beging","hat begangen",""
"comenzar","beginnen","beginnt","begann","hat begonnen",""
"acompañar, guiar","begleiten","begleitet","begleitete","hat begleitet",""
"mantener, retener","behalten","bahält","behielt","hat behalten",""
"tratar, manejar","behandeln (sich)","behandelt","behandelte","hat behandelt",""
"morder, picar","beißen","beißt","biss","hat gebissen",""
"recibir, conseguir","bekommen","bekommt","bekam","hat bekommen",""
"ladrar","bellen","bellt","bellte","hat gebellt",""
"recompensar","belohnen (akk)","belohnt","belohnte","hat belohnt",""
"obserbar, notar ","bemerken","bemerkt","bemerkte","hat bemerkt",""
"envidiar","beneiden (akk)","beneidet","beneidete","hat beneidet",""
"usar, emplear","benutzen","benutzt","benutzte","hat benutzt",""
"ocupado mismo","beschätfigen (sich, mit)","beschäftigt","beschäftigte","hat beschäftigt",""
"describir","beschreiben (akk)","beschreibt","beschrieb","hat beschrieben",""
"visitar, inspeccionar","besichtigen (akk)","besichtigt","besichtigte","hat besichtigt",""
"derrotar","besiegen","besiegt","besiegte","hat besiegt",""
"recordar, reflexionar","sich besinnen","bessinnt","besann","hat besonnen",""
"pedir, solicitar","bestellen","bestellt","bestellte","hat bestellt",""
"decidir, determinar","bestimmen","bestimmt","bestimmte","hat bestimmt",""
"visitar, asistir","besuchen (akk)","besucht","besuchte","hat besucht",""
"orar, rezar","beten (um)","betet","betete","hat gebetet",""
"hacer trampas, estafar","betrügen","betrügt","betrog","hat betrogen",""
"rogar, suplicar","betteln (um)","bettelt","bettelte","hat gebettelt",""
"doblar, inclinar","beugen (sich)","beugt","beugte","hat gebeugt",""
"juzgar, evaluar","beurteilen (akk)","beurteilt","beurteilte","hat beurteilt",""
"mover, desplazar","bewegen (sich)","bewegt","bewegte","hat bewegt",""
"inducir ","bewegen","bewegt","bewog","hat bewogen",""
"demostrar, probar","beweisen","beweist","bewies","hat bewiesen",""
"pagar","bezahlen (akk)","bezahlt","bezahlte","hat bezahlt",""
"ofrecer","bieten (dat)","bietet ","bot","hat geboten",""
"dar forma, modelar","bilden","bildet","bildete","hat gebildet",""
"atar, unir","binden","bindet","band","hat gebunden",""
"pedir, solicitar","bitten (akk/ihn/um)","bittet","bat","hat gebeten",""
"soplar","blasen","bläst","blies","hat geblasen",""
"permanecer","bleiben","bleibt","blieb","ist geblieben",""
"destellar","blitzen","blitzt","blitzte","hat geblitzt",""
"florecer, prosperar","blühen","blüht","blühte","hat geblüht",""
"prestar","borgen (akk/sich)","borgt","borgte","hat geborgt",""
"freír, asar","braten","brät","briet","hat gebraten",""
"necesitar","brauchen","braucht","brauchte","hat gebraucht",""
"romper, vomitar","brechen","bricht","brach","hat gebrochen",""
"quemar","brennen","brennt","brannte","hat gebrannt",""
"traer","bringen","bringt","brachte","hat gebracht",""
"agradecer","danken (dat)","dankt","dankte","hat gedankt",""
"representar","darstellen (akk)","stellt dar","stellte dar","hat dargestellt",""
"duar","dauern","dauert","dauerte","hat gedauert",""
"cubrir, poner la mesa","decken","deckt","deckte","hat gedeckt",""
"pensar","denken (akk/an)","denkt","dachte","hat gedacht",""
"hacer poesía","dichten","dichtet","dichtet","hat gedichtet",""
"servir","dienen (dat)","dient","diente","hat gedient",""
"tronar","donnern","donnert","donnerte","hat gedonnert",""
"instar, insistir","drängen","drängt","drängte","hat gedrängt",""
"penetrar","dringen","dringt","drang","hat gedrungen",""
"amenazar","drohen (mit)","droht","drohte","hat gedroht",""
"imprimr","drucken","druckt","druckte","hat gedruckt",""
"pulsar, oprimir","drücken","drückt","drückte","hat gedrückt",""
"tolerar, soportar","dulden (akk)","duldet","duldete","hat geduldet",""
"estár permitido","dürfen","darf","durfte ","hat gedurft",""
"tutear","duzen","duzt","duzte","hat geduzt",""
"invadir, ocurrir","einfallen","fällt ein","fiel ein","ist eingefallen",""
"invitar","einladen (akk/zum)","lädt ein","lud ein","hat eingeladen",""
"quedarse dormido","einschlafen","schläft ein","schlief ein","ist eingeschlafen",""
"subirse (auto)","einsteigen","steigt ein","stieg ein","ist eingestiegen",""
"descubrir ","entdecken","entdeckt","entdeckte","hat entdeckt",""
"quitar, eliminar","entfernen","entfernt","entfernte","hat entfernt",""
"escapar, huir","entfliehen","entflieht","entfloh","ist entflohen",""
"alejarse, extrañarse","entfremden (sich)","entfremdet","entfremdete","hat enfremdet",""
"decapitar","enthaupten (akk)","enthauptet","enthauptete","hat enthauptet",""
"indignarse","entrüsten (sich)","entrüstet","entrüstete","hat entrüstet",""
"decidirse","entscheiden (sich)","entscheidet","entschied","hat entschieden",""
"disculparse","entschuldigen (sich)","entschuldigt","entschuldigte","hat entschuldigt",""
"relajarse","entspannen (sich)","entspannt","entspannte","hat entspannt",""
"desarrollarse","entwickeln (sich)","entwickelt","entwickelte","hat entwickelt",""
"heredar","erben","erbt","erbte","hat geerbt",""
"inventar","erfinden","erfindet","erfand","hat erfunden",""
"refrescarse","erfrischen (sich)","erfrischt","erfrischte","hat erfrischt",""
"completar","ergänzen","ergänzt","ergänzte","hat ergänzt",""
"recordarse","erinnern (sich/an)","erinnert","erinnerte","hat erinnert",""
"resfriarse","erkälten (sich)","erkältet","erkältete","hat erkältet",""
"explicar, declarar","erklären","erklärt","erklärte","hat erklärt",""
"permitir, dejar","erlauben (dat)","erlaubt","erlaubte","hat erlaubt",""
"concluir, resolver","erledigen","erledigt","erledigte","hat erledigt",""
"facilitar","erleichtern","erleichtert","erleichterte","hat erlecihtert",""
"alimentarse","ernähren (sich)","ernährt","ernährte","hat ernährt",""
"abrir, inaugurar","eröffnen","eröffnet","eröffnete","hat eröffnet",""
"sonrojarse","erröten","errötet","errötete","ist errötet",""
"aparecer","erscheinen","erscheint","erschien","ist erschienen",""
"agotar","erschöpfen","erschöpft","erschöpfte","hat erschöpft",""
"asustarse","erschrecken (akk)","erschrickt","erschrak","ist erschrocken",""
"aguantar, sufrir","ertragen","erträgt","ertrug","hat ertragen",""
"ahogar","ertrinken (akk)","ertrinkt","ertrank","ist ertrunken",""
"esperar, expectar","erwarten","erwartet","erwartete","hat erwartet",""
"contar, relatar","erzählen","erzählt","erzählte","hat erzählt",""
"criar, educar","erziehen","erzieht","erzog","hat erzogen",""
"comer","essen","isst","aß","hat gegessen",""
"conducir, viajar","fahren","fährt","fuhr","ist gefahren",""
"caer","fallen","fällt","fiel","ist gefallen",""
"plegar","falten","faltet","faltete","hat gefaltet",""
"capturar","fangen","fängt","fing","hat gefangen",""
"teñir, colorear","färben","färbt","färbte","hat gefärbt",""
"creer, tomar","fassen","fasst","fasste","hat gefasst",""
"ayunar","fasten (aus)","fastet","fastete","hat gefastet",""
"esgrimir (depor)","fechten","ficht","focht","hat gefochten",""
"faltar, extrañar","fehlen","fehlt","fehlte","hat gefehlt",""
"celebrar","feiern","feiert","feierte","hat gefeiert",""
"determinar, establecer","feststellen","stellt fest","stellte fest","hat festgestellt",""
"encontrar","finden (akk)","findet","fand","hat gefunden",""
"gruñir","fletschen","fletscht","fletschte","hat gefletscht",""
"volar","fliegen","fliegt","flog ","ist geflogen",""
"escapar, huir","fliehen","flieht","floh","ist geflohen",""
"fluir, circular","fließen","fließt","floss","ist geflossen",""
"maldecir, palabrotar","fluchen","flucht","fluchte","hat geflucht",""
"escapar, huir","flüchten","flüchtet","flüchtete","ist geflüchtet",""
"susurrar","flüstern","flüstert","flüsterte","hat geflüstert",""
"seguir","folgen","folgt","folgte","ist/hat gefolgt",""
"exigir, pedir","fordern","fordert","forderte","hat gefordert",""
"promover","fördern (akk)","fördert","förderte","hat gefördert",""
"investigar","forschen (nach) (dat)","forscht","forschte","hat geforscht",""
"continuar, resumir","fortsetzen","setzt fort","setzte fort","hat fortgesetz",""
"preguntar","fragen (akk)","fragt","fragte","hat gefragt",""
"devorar, alimentar animales","fressen","frisst","fraß","hat gefressen",""
"alegrarse","freuen (sich)","freut","freute","hat gefreut",""
"congelar","frieren","friert","fror","hat gefroren",""
"desayunar","frühstücken","frühstückt","frühstückte","hat gefrühstückt",""
"sentir","fühlen (sich)","fühlt","fühlte","hat gefühlt",""
"llevar, conducir","führen","führt","führte","hat geführt",""
"alimentar","füttern (dat/akk)","füttert","fütterte","hat gefürttert",""
"bostezar","gähnen","gähnt","gähnte","hat gegähnt",""
"parir","gebären","gebärt","gebar","hat geboren",""
"dar","geben","gibt","gab","hat gegeben",""
"usar","gebrauchen","gebraucht","gebrauchte","hat gebraucht",""
"gustar","gefallen (dat)","gefällt","gefiel","hat gefallen",""
"ir","gehen","geht","ging","ist gegangen",""
"obedecer","gehorchen (dat)","gehorcht","gehorchte","hat gehorcht",""
"pertencer","gehören (dat)","gehört","gehörte","hat gehört",""
"lograr, conseguir","gelingen (akk dat)","gelingt","gelang","ist gelungen",""
"ser válido","gelten","gilt","galt","hat gegolten",""
"recuperar","genesen","genest","genas","ist genesen",""
"disfrutar","genießen","genießt","genoss","hat genossen",""
"satisfacer","genügen","genügt","genügte","hat genügt",""
"suceder","geschehen","geschieht","geschah","ist geschehen",""
"diseñar","gestalten","gestaltet","gestaltete","hat gestaltet",""
"permitir, autorizar","gestatten","gestattet","gestattete","hat gestattet",""
"admitir, confesar","gestehen","gesteht","gestand","hat gestanden",""
"ganar","gewinnen","gewinnt","gewann","hat gewonnen",""
"acostumbrarse","gewöhnen (sich)","gewöhnt","gewöhnte","hat gewöhnt",""
"regar","gießen","gießt","goss","hat gegossen",""
"destacar","glänzen","glänzt","glänzte","hat geglänzt",""
"creer","glauben","glaubt","glaubte","hat geglaubt",""
"igualar, parecer","gleichen","gleicht","glich","hat geglichen",""
"cavar","graben","gräbt","grub","hat gegraben",""
"temer","grauen","graut","graute","hat gegraut",""
"agarrar","greifen","greift","griff","hat gegriffen",""
"fundar","gründen","gründet","gründete","hat gegründet",""
"gruñir","grunzen","grunzt","grunzte","hat gegrunzt",""
"saludar","grüßen","grüßt","grüßte","hat gegrüßt",""
"mirar","gucken","guckt","guckte","hat geguckt",""
"tener","haben","hat","hatte","hat gehabt",""
"mantener, sostener","halten","hält","hielt","hat gehalten",""
"martillar","hämmern","hämmert","hämmerte","hat gehämmert",""
"colgar","hängen","hängt","hing","hat gehangen",""
"odiar","hassen","hasst","hasste","hat gehasst",""
"pegar","hauen","haut","hieb","hat gehauen",""
"levantar","heben","hebt","hob","hat gehoben",""
"curar","heilen","heilt","heilte","hat geheilt",""
"casandose","heiraten","heiratet","heiratete","hat geheiratet",""
"llamar","heißen","heißt","hieß","hat geheißen",""
"calentar","heizen","heizt","heizte","hat geheizt",""
"ayudar","helfen","hilft","half","hat geholfen",""
"gobernar","herrschen","herrscht","herrschte","hat geherrscht",""
"llorar","heulen","heult","heulte","hat geheult",""
"cojear","hinken","hinkt","hinkte","ist gehinkt",""
"añadir","hinzufügen","fügt hinzu","fügte hinzu","hat hinzugefügt",""
"agacharse","hocken","hockt","hockte","hat gehockt",""
"to hope","hoffen","hofft","hoffte","hat gehofft",""
"obtener, conseguir","holen","holt","holte","hat geholt",""
"escuchar atentamente","horchen","horcht","horchte","hat gehorcht",""
"escuchar","hören","hört","hörte","hat gehört",""
"toser","husten","hustet","hustete","hat gehustet",""
"cazar, perseguir","jagen","jagt","jagte","hat gejagt",""
"animar","jubeln","jubelt","jubelte","hat gejubelt",""
"picar","jucken","juckt","juckte","hat gejuckt",""
"peinarse","kämmen (sich)","kämmt","kämmte","hat gekämmt",""
"luchar","kämpfen","kämpft","kämpfte","hat gekämpft",""
"masticar","kauen","kaut","kaute","hat gekaut",""
"acurrucarse","kauern","kauert","kauerte","ist gekauert",""
"comprar","kaufen","kauft","kaufte","hat gekauft",""
"barrer","kehren","kehrt","kehrte","hat gekehrt",""
"conocer","kennen","kennt","kannte","hat gekannt",""
"inclinar, volcar","kippen","kippt","kippte","hat gekippt",""
"quejar","klagen","klagt","klagte","hat geklagt",""
"salir bien","klappen","klappt","klappte","hat geklappt",""
"aplaudir","klatschen","klatscht","klatschte","hat geklatscht",""
"encolar, pegar","kleben","klebt","klebte","hat geklebt",""
"vestirse","kleiden (sich)","kleidet","kleidete","hat gekleidet",""
"escalar","klettern","klettert","kletterte","ist geklettert",""
"timbrar","klingeln","klingelt","klingelte","hat geklingelt",""
"sonar","klingen","klingt","klang","hat geklungen",""
"llamar puerta","klopfen","klopft","klopfte","hat geklopft",""
"vincular, unir","knüpfen","knüpft","knüpfte","hat geknüpft",""
"cocinar","kochen","kocht","kochte","hat gekocht",""
"venir","kommen","kommt","kam","ist gekommen",""
"poder","können","kann","konnte","hat gekonnt",""
"costar","kosten","kostet","kostete","hat gekostet",""
"graznar","krächzen","krächzt","krächzte","hat gekrächzt",""
"enfermar","kränkeln","kränkelt","kränkelte","hat gekränkelt",""
"rascar","kratzen (sich)","kratzt","kratzte","hat gekratzt",""
"gatear, arrastrarse","kriechen","kriecht","kroch","ist gekrochen",""
"conseguir, obtener","kriegen","kriegt","kriegte","hat gekriegt",""
"garabatear","kritzeln","kritzelt","kritzelte","hat gekritzelt",""
"coronar","krönen","krönt","krönte","hat gekrönt",""
"abrazar","kuscheln","kuschelt","kuschelte","hat gekuschelt",""
"besar","küssen","küsst","küsste","hat geküsst",""
"sonreír","lächeln","lächelt","lächelte","hat gelächelt",""
"reír","lachen (über)","lacht","lachte","hat gelacht",""
"paralizar, inmovilizar","lähmen","lähmt","lähmte","hat gelähmt",""
"dejar","lassen","lässt","ließ","hat gelassen",""
"acechar","lauern","lauert","lauerte","hat gelauert",""
"correr","laufen","läuft","lief","ist gelaufen",""
"vivir","leben","lebt","lebte","hat gelebt",""
"lamer","lecken","leckt","leckte","hat geleckt",""
"colocar tumbado","legen","legt","legte","hat gelegt",""
"enseñar","lehren","lehrt","lehrte","hat gelehrt",""
"sufrir","leiden","leidet","litt","hat gelitten",""
"prestar","leihen","leiht","lieh","hat geliehen",""
"afford","liesten (sich)","leistet","leistete","hat geleistet",""
"guiar, dirigir","leiten","leitet","leitete","hat geleitet",""
"steer, dirigir","lenken","lenkt","lenkte","hat gelenkt",""
"aprender","lernen","lernt","lernte","hat gelernt",""
"leer","lesen","liest","las","hat gelesen",""
"amar","lieben (akk)","liebt","liebte","hat geliebt",""
"yacer, tumbado","liegen (an)","liegt","lag","hat gelegen",""
"alabar","loben","lobt","lobte","hat gelobt",""
"valer la pena","lohnen (sich)","lohnt","lohnte","hat gelohnt",""
"eliminar","löschen","löscht","löschte","hat gelöscht",""
"aflojar, resolver","lösen","löst","löste","hat gelöst",""
"mentir","lügen","lügt","log ","hat gelogen",""
"hacer","machen","macht","machte","hat gemacht",""
"segar, podar","mähen","mäht","mähte","hat gemäht",""
"moler, triturar","mahlen","mahlt","mahlte","hat gemahlen",""
"recordar","mahnen","mahnt","mahnte","hat gemahnt",""
"pintar","malen","malt","malte","hat gemalt",""
"evitar","meiden","meidet","mied","hat gemieden",""
"to mean, opinar","meinen","meint","meinte","hat gemeint",""
"informar","melden (sich)","meldet","meldete","hat gemeldet",""
"ordeñar","melken","melkt","melkte","hat gemelkt",""
"notar, memorizar","merken (sich)","merkt","merkte","hat gemerkt",""
"medir","messen","misst","maß","hat gemessen",""
"alquilar, contratrar","mieten","mietet","mietete","hat gemietet",""
"mezclar","mischen","mischt","mischte","hat gemischt",""
"comunicar","mitteilen","teilt mit","teilte mit","hat mitgeteilt",""
"amueblar","möblieren","möbliert","möblierte","hat möbliert",""
"gustar","mögen","mag","mochte","hat gemocht",""
"desembocar","münden","mündet","mündete","hat gemündet",""
"deber","müssen","muss","musste","hat gemusst",""
"coser","nähen","näht","nähte","hat genäht",""
"burlar","necken","neckt","neckte","hat geneckt",""
"tomar","nehmen","nimmt","nahm","hat genommen",""
"tender, inclinarse","neigen (sich)","neigt","neigte","hat geneigt",""
"nombrar","nennen","nennt","nannte","hat genannt",""
"estornudar","niesen","niest","nieste","hat geniest",""
"abrir","öffnen","öffnet","öffnete","hat geöffnet",""
"organizar","ordnen","ordnet","ordnete","hat geordnet",""
"arrendar","pachten","pachtet","pachtete","hat gepachtet",""
"remar","paddeln","paddelt","paddelte","hat gepaddelt",""
"aparcar","parken","parkt","parkte","hat geparkt",""
"ajustar","passen","passt","passte","hat gepasst",""
"ocurrir","passieren","passiert","passierte","ist passiert",""
"silbar","pfeifen","pfeilt","pfiff","hat gepfiffen",""
"plantar","pflanzen","pflanzt","pflanzte","hat gepflanzt",""
"cuidar","pflegen","pflegt","pflegte","hat gepflegt",""
"recoger, cosechar","pflücken","pflückt","pflückte","hat gepflückt",""
"molestar","plagen","plagt","plagte","hat geplagt",""
"explotar","platzen","platzt","platzte","ist geplatzt",""
"conversar","plaudern (mit)","plaudert","plauderte","hat geplaudert",""
"marcar","prägen","prägt","prägte","hat geprägt",""
"presumir","prahlen","prahlt","prahlte","hat geprahlt",""
"predicar","predigen","predigt","predigte","hat gepredigt",""
"comprobar, examinar","prüfen","prüft","prüfte","ht geprüft",""
"empolvar","pudern","pudert","puderte","hat gepudert",""
"cepillar","putzen","putzt","putzte","hat geputzt",""
"torturar","quälen","quält","quälte","hat gequält",""
"calificar","qualifizieren (für)","qualifiziert","qualifizierte","hat qualifiziert",""
"hablar sin sentido","quatschen","quatscht","quatschte","hat gequatscht",""
"ser la fuente","quellen","quillt","quoll","ist gequollen",""
"vengarse","rächen (sich)","rächt","rächte","hat gerächt",""
"rabiar, ir rápido","rasen","rast","raste","hat gerast",""
"aconsejar, adivinar","raten","rät","riet","hat geraten",""
"robar","rauben","raubt","raubte","hat geraubt",""
"fumar","rauchen","raucht","rauchte","hat geraucht",""
"calcular","rechnen","rechnet","rechnete","hat gerechnet",""
"justificarse","rechtfertigen (sich)","rechtfertigt","rechtfertigte","hat gerechtfertigt",""
"hablar","reden (über)","redet","redete","hat geredet",""
"gobernar","regieren","regiert","regierte","hat regiert",""
"llover","regnen","regnet","regnete","hat geregnet",""
"frotar","reiben","reibt","rieb","hat gerieben",""
"extender algo, suficiente","reichen","reicht","reichte","hat gereicht",""
"purificar, limpiar","reinigen","reinigt","reinigte","hat gereinigt",""
"viajar","reisen","reist","reiste","ist gereist",""
"desgarrar, arrancar","reißen","reißt","riss","hat gerissen",""
"montar a caballo","reiten","reitet","ritt","ist geritten",""
"correr, to race","rennen","rennt","rannte","ist gerannt",""
"salvar, rescatar","retten","rettet","rettete","hat gerettet",""
"dirigido a","richten","richtet","richtete","hat gerichtet",""
"oler","riechen","riecht","roch","hat gerochen",""
"remar","rudern","rudert","ruderte","hat gerudert",""
"llamar","rufen","ruft","rief","hat gerufen",""
"descansar","ruhen","ruht","ruhte","hat geruht",""
"alabar","rühmen (akk)","rühmt","rühmte","hat gerühmt",""
"tocado, batir","rühren","rührt","rührte","hat gerührt",""
"eructar","rülpsen","rülpst","rülpste","hat gerülpst",""
"desplumar","rupfen","rupft","rupfte","hat gerupft",""
"deslizar","rutschen","rutscht","rutschte","ist gerutscht",""
"sembrar, plantar","säen","sät","säte","hat gesät",""
"decir","sagen ","sagt","sagte","hat gesagt",""
"recoger, recopilar","sammeln","sammelt","sammelte","hat gesammelt",""
"saturar, saciar","sättigen","sättigt","sättigte","hat gesättigt",""
"beber animal","saufen","säuft","soff","hat gesoffen",""
"chupar","saugen","saugt","sog","hat gesogen",""
"dañar","schaden","schadet","schadete","hat geschadet",""
"crear","schaffen","schafft","schuf","hat geschaffen",""
"pelar","schälen","schält","schälte","hat geschält",""
"cambiar (marcha)","schalten","schaltet","schaltete","hat geschaltet",""
"avergonzarse","sich schämen (für)","schämt","schämte","hat geschämt",""
"afilar","schärfen","schärft","schärfte","hat geschärft",""
"valorar, estimar","schätzen","schätzt","schätzte","hat geschätzt",""
"mirar","schauen","schaut","schaute","hat geschaut",""
"cavar (pala)","schaufeln","schaufelt","schaufelte","hat geschaufelt",""
"balancear","schaukeln","schaukelt","schaukelte","hat geschaukelt",""
"divorciarse, separarse","scheiden (sich)","scheidet","schied","hat geschieden",""
"brillar, aparecer","scheinen","scheint","schien","hat geschienen",""
"fallar","scheitern","scheitert","scheiterte","ist gescheitert",""
"regañar","schelten","schilt","schalt","hat gescholten",""
"regalar","schenken","schenkt","schenkte","hat geschenkt",""
"rapar","scheren","schert","schor","hat geschoren",""
"bromear","scherzen","scherzt","scherzte","hat gescherzt",""
"enviar","schicken","schickt","schickte","hat geschickt",""
"empujar","schieben","schiebt","schob","hat geschoben",""
"disparar","schießen","schießt","schoss","hat geschossen",""
"describir","schildern","schildert","schilderte","hat geschildert",""
"relucir","schimmern","schimmert","schimmerte","hat geschimmert",""
"despotricar","schimpfen","schimpft","schimpfte","hat geschimpft",""
"masacrar","schlachten","schlachtet","schlachtete","hat geschlachtet",""
"dormir","schlafen","schläft","schlief","hat geschlafen",""
"golpear","schlagen","schlägt","schlug","hat geschlagen",""
"serpentear","sich schlängeln","schlängelt","schlängelte","hat geschlängelt",""
"colar","schleichen","schleicht","schlich","ist geschliechen",""
"lijar","schleifen","schleift","schliff","hat geschlieffen",""
"remolcar","schleppen (sich)","schleppt","schleppte","hat geschleppt",""
"cerrar","schließen","schließt","schloss","hat geschlossen",""
"eclosionar","schlüpfen","schlüpft","schlüpfte","ist geschlüpft",""
"abusar","schmähen","schmäht","schmähte","hat geschmäht",""
"probar","schmecken","schmeckt","schmeckte","hat geschmeckt",""
"halagar","schmeicheln (dat)","schmeichelt","schmeichelte","hat geschmeichelt",""
"tirar","schmeißen","schmeißt","schmiss","hat geschmissen",""
"derretir","schmelzen","schmilzt","schmolz","ist geschmolzen",""
"doler","schmerzen (akk/dat)","schmerzt","schmerzte","hat geschmerzt",""
"lubricar","schmieren","schmiert","schmierte","hat geschmiert",""
"maquillarse","schminken (sich)","schminkt","schminkte","hat geschminkt",""
"enfurruñar","schmollen","schmollt","schmollte","hat geschmollt",""
"traficar","schmuggeln","schmuggelt","schmuggelte","hat geschmuggelt",""
"roncar","schnarchen","schnarcht","schnarchte","hat geschnarcht",""
"cortar","schneiden","schneidet","schnitt","hat geschnitten",""
"nevar","schneien","schneit","schneite","hat geschneit",""
"atar","schnüren","schnürt","schnürte","hat geschnürt",""
"ahorrar","schonen","schont","schonte","hat geschont",""
"aprovechar","schöpfen","schöpft","schöpfte","hat geschöpft",""
"atornillar","schrauben","schraubt","schraubte","hat geschraubt",""
"escribir","schreiben","schreibt","schrieb","hat geschrieben",""
"gritar","schreien (nach)","schreit","schrie","hat geschrien",""
"zancadas","schreiten","schreitet","schritt","ist geschritten",""
"deber a alguien","schulden","schuldet","schuldete","hat geschuldet",""
"agitar","schütteln","schüttelt","schüttelte","hat geschülttelt",""
"proteger","schützen","schützt","schützte","hat geschützt",""
"flotar","schweben","schwebt","schwebte","hat geschwebt",""
"silenciar","schweigen","schweigt","schwieg","hat geschwiegen",""
"hinchar","schwellen","schwillt","schwoll","ist geschwollen",""
"nadar","schwimmen","schwimmt","schwamm","ist geschwommen",""
"sudar","schwitzen","schwitzt","schwitzte","hat geschwitzt",""
"jurar","schwören (auf)","schwört","schwur","hat geschworen",""
"navegar","segeln","segelt","segelte","ist gesegelt",""
"bendecir","segnen (akk)","segnet","segnete","hat gesegnet",""
"ver","sehen","sieht","sah","hat gesehen",""
"anhelar","sich sehnen (nach)","sehnt","sehnte","hat gesehnt",""
"ser","sein","ist","war","ist gewesen",""
"emitir, enviar","senden","sendet","sandte","hat gesandt",""
"establecer","setzen","setzt","setzte","hat gesetzt",""
"suspirar","seufzen","seufzt","seufzte","hat geseufzt",""
"colonizar","siedeln","siedelt","siedelte","hat gesiedelt",""
"hervir","sieden","siedet","sott","hat gesotten",""
"vencer","siegen","siegt","siegte","hat gesiegt",""
"cantar","singen","singt","sang","hat gesungen",""
"hundir","sinken","sinkt","sank","ist gesunken",""
"sentado","sitzen","sitzt","saß","hat gesessen",""
"deber","sollen","soll","sollte","hat gesollt",""
"preocuparse","sorgen (sich) (für)","sorgt","sorgte","hat gesorgt",""
"dividir","spalten","spaltet","spaltete","hat gespalten",""
"ahorrar","sparen","spart","sparte","hat gespart",""
"caminar","spazieren","spaziert","spazierte","ist spaziert",""
"guardar, almacenar","speichern","speichert","speicherte","hat gespeichert",""
"cenar","speisen","speist","speiste","hat gespeist",""
"donar","spenden (für)","spendet","spendete","hat gespendet",""
"bloquear","sperren","sperrt","sperrte","hat gesperrt",""
"jugar","spielen","spielt","spielte","hat gespielt",""
"girar, loco","spinnen","spinnt","spann","hat gesponnen",""
"mofarse","spotten (über)","spottet","spottete","hat gespottet",""
"hablar","sprechen (über)","spricht","sprach","hat gesprochen",""
"saltar","springen","springt","sprang","ist gesprungen",""
"inyectar, salpicar","spritzen (auf)","spritzt","spritzte","hat gespritzt",""
"sentir, percibir","spüren","spürt","spürte","hat gespürt",""
"tener lugar, celebrarse","stattfinden","findet statt","fand statt","hat stattgefunden",""
"apuñalar, picar","stechen","sticht","stach","hat gestochen",""
"poner","stecken","steckt","steckte","hat gesteckt",""
"estar derecho","stehen","steht","stand","hat gestanden",""
"robar","stehlen","stiehlt","stahl","hat gestohlen",""
"subir","steigen","steigt","stieg","ist gestiegen",""
"poner","stellen","stellt","stellte","hat gestellt",""
"levantar","stemmen","stemmt","stemmte","hat gestemmt",""
"sellar","stempeln","stempelt","stempelte","hat gestempelt",""
"morir","sterben","stirbt","starb","ist gestorben",""
"pilotar","steuern","steuert","steuerte","hat gesteuert",""
"apestar","stinken","stinkt","stank","hat gestunken",""
"molestar","stören","stört","störte","hat gestört",""
"chocar","stoßen","stößt","stieß","hat gestoßen",""
"castigar","strafen (mit)","straft","strafte","hat gestraft",""
"suprimir","streichen","streicht","strich","hat gestrichen",""
"discutar, pelear","streiten (sich) (über)","streitet","stritt","hat gestritten",""
"tejer","stricken","strickt","strickte","hat gestrickt",""
"asaltar","stürmen","stürmt","stürmte","hat gestürmt",""
"derrocar, caer","stürzen (akk)","stürzt","stürzte","ist gestürzt",""
"soportarse, basarse","stützen (sich)","stützt","stützte","hat gestützt",""
"buscar","suchen","sucht","suchte","hat gesucht",""
"zumbar","summen","summt","summte","hat gesummt",""
"repostar","tanken","tankt","tankte","hat getankt",""
"bailar","tanzen","tanzt","tanzte","hat getanzt",""
"bucear","tauchen","taucht","tauchte","hat getaucht",""
"descongelar","tauen","taut","taute","hat getaut",""
"bautizar","taufen","tauft","taufte","hat getauft",""
"compartir, partir","teilen (sich) (durch)","teilt","teilte","hat geteilt",""
"escribir","tippen","tippt","tippte","hat getippt",""
"alborotar","toben","tobt","tobte","hat getobt",""
"matar","töten (akk)","tötet","tötete","hat getötet",""
"llevar","tragen","trägt","trug","hat getragen",""
"confiar","trauen (dat)","traut","traute","hat getraut",""
"llorar","trauern","trauert","trauerte","hat getrauert",""
"soñar, imaginar","träumen (von)","träumt","träumte","hat geträumt",""
"quedar con","treffen","trifft","traf","hat getroffen",""
"practicar (deporte)","treiben","treibt","trieb","hat getrieben",""
"separarse","trennen (sich)","trennt","trennte","hat getrennt",""
"entrar","treten","tritt","trat","ist getreten",""
"beber","trinken","trinkt","trank","hat getrunken",""
"secar","trocknen","trocknet","trocknete","hat getrocknet",""
"consolarse","trösten (sich) (mit)","tröstet","tröstete","hat getröstet",""
"hacer","tun","tut","tat","hat getan",""
"hacer gimnasia","turnen","turnt","turnte","hat geturnt",""
"ejercitar, practicar","üben","übt","übte","hat geübt",""
"considerar","überlegen (sich)","überlegt","überlegte","hat überlegt",""
"sorprender","überraschen (mit)","überrascht","überraschte","hat überrascht",""
"traducir","übersetzen (ins)","übersetzt","übersetzte","hat übersetzt",""
"transferir","übertragen","überträgt","übertrug","hat übertragen",""
"exagerar","übertreiben","übertreibt","übertrieb","hat übertrieben",""
"convencer","überzeugen (von)","überzeugt","überzeugte","hat überzeugt",""
"abrazarse","umarmen (sich)","umarmt","umarmte","hat umarmt",""
"voltearte","umdrehen (sich)","dreht um","drehte um","hat umgedreht",""
"volcar","umkippen","kippt um ","kippte um","hat umgekippt",""
"perecer","umkommen","kommt um","kam um","ist umgekommen",""
"cambiar (transporte) ","umsteigen","steigt um","stieg um","ist umgestiegen",""
"oprimir","unterdrücken","unterdrückt","unterdrückte","hat unterdrückt",""
"llevar a cabo algo","unternehmen","unternimmt","unternahm","hat unternommen",""
"despedirse","verabschieden (sich)","verabschiedet","verabschidete","hat verabschiedet",""
"prohibir","verbieten","verbietet","verbot","hat verboten",""
"estropear, arruinar","verderben","verdirbt","verdarb","hat verdorben",""
"olvidar","vergessen","vergisst","vergaß","hat vergessen",""
"arrestar","verhaften","verhaftet","verhaftete","hat verhaftet",""
"casado","verheiraten","verheiratet","verheiratete","hat verheiratet",""
"morir de hambre","verhungern","verhungert","verhungerte","ist verhungert",""
"exigir, solicitar","verlangen","verlangt","verlangte","hat verlangt",""
"herir, dañar","verletzen","verletzt","verletzte","hat verletzt",""
"perder","verlieren","verliert","verlor","hat verloren",""
"multiplicar","vermehren","vermehrt","vermehrte","hat vermehrt",""
"alquilar","vermieten","vermietet","vermietete","hat vermietet",""
"aniquilar, destruir","vernichten","vernichtet","vernichtete","hat vernichtet",""
"paliza a ","verprügeln (akk)","verprügelt","verprügelte","hat verprügelt",""
"traicionar","verraten","verrät","verriet","hat verraten",""
"olvidarse, perderse algo","versäumen","versäumt","versäumte","hat versäumt",""
"despilfarrar","verschwenden","verschwendet","verschwendete","hat verschwendet",""
"desaparecer","verschwinden","verschwindet","verschwand","ist verschwunden",""
"asegurar","versichern","versichert","versicherte","hat versichert",""
"prometer","versprechen","verspricht","versprach","hat versprochen",""
"entender","verstehen","versteht","verstand","hat verstanden",""
"defender","verteidigen","verteidigt","verteidigte","hat verteidigt",""
"tolerar, soportar","vertragen (sich)","verträgt","vertrug","hat vertragen",""
"fiarse","vertrauen (sich)","vertraut","vertraute","hat vertraut",""
"representar","vertreten","vertritt","vertrat","hat vertreten",""
"perdonar","verzeihen","verzeiht","verzieh","hat verziehen",""
"renunciar","verzichten (auf)","verzichtet","verzichtete","hat verzichtet",""
"preparar","vorbereiten","bereitet vor","bereitete vor","hat vorbereitet",""
"efectuar","vornehmen","nimmt vor","nahm vor","hat vorgenommen",""
"introducir, imaginar","vorstellen (sich)","stellt vor","stellte vor","hat vorgestellt",""
"crecer","wachsen","wächst","wuchs","ist gewachsen",""
"elegir, votar","wählen","wählt","wählte","hat gewählt",""
"pasear","wandern","wandert","wanderte","ist gewandert",""
"advertir","warnen","warnt","warnte","hat gewarnt",""
"esperar","warten","wartet","wartete","hat gewartet",""
"lavar","waschen","wäscht","wusch","hat gewaschen",""
"tejer","weben","webt","webte","hat gewebt",""
"cambiar","wechseln","wechselt","wechselte","hat gewechselt",""
"despertar, atraer","wecken","weckt","weckte","hat geweckt",""
"llorar","weinen","weint","weinte","hat geweint",""
"señalar, mostrar","weisen","weist","wies","hat gewiesen",""
"dirigirse","wenden (sich)","wendet","wandte","hat gewandt",""
"convertirse","werden","wird","wurde","ist geworden",""
"lanzar","werfen","wirft","warf","hat geworfen",""
"reflejarse","widerspiegeln (sich) (in)","spiegelt wider","spiegelte wider","hat widergespiegelt",""
"repetir","widerholen","holt wieder","holte wieder","hat wiedergeholt",""
"surgir efecto","wirken","wirkt","wirkte","hat gewirkt",""
"saber","wissen","weiß","wusste","hat gewusst",""
"residir, vivir","wohnen","wohnt","wohnte","hat gewohnt",""
"querer algo","wollen","will","wollte","hat gewollt",""
"desear","wünschen","wünscht","wünschte","hat gewünscht",""
"pagar","zahlen","zahlt","zahlte","hat gezahlt",""
"contar","zählen","zählt","zählte","hat gezählt",""
"to schow","zeigen","zeigt","zeigte","hat gezeigt",""
"desgarrar, romper","zerreißen","zerreißt","zerriss","hat zerrissen",""
"aplastar","zerschmettern","zerschmettert","zerschmetterte","hat zerschmettert",""
"destruir, arruinar","zerstören","zerstört","zerstörte","hat zerstört",""
"arrastrar, sacar","ziehen","zieht","zog","hat gezogen",""
"admitir, reconocer","zugeben","gibt zu ","gab zu","hat zugegeben",""
"prestar atención, escuchar","zuhören","hört zu","hörte zu","hat zugehört",""
"aumentar, mejorar","zunehmen","nimmt zu","nahm zu ","hat zugenommen",""
"vovler, regresar","zurückgehen","geht zurück","ging zurück","ist zurückgegangen",""
"retornar hacer algo","zurückkehren","kehrt zurück","kehrte zurück","ist zurückgekehrt",""
"retirarse","zurückziehen","zieht zurück","zog zurück","hat zurückgezogen",""
"observar concentrado","zuschauen","schaut zu","schaute zu","hat zugeschaut",""
"forzar","zwingen","zwingt","zwang ","hat gezwungen",""
